Ticker,Name,Exchange,Date,Close,ChangePct,Volume,Avg20,Ratio,Streak
JBL,Jabil,NYSE,2026-09-30,286.86,-10.03,4924200,1194415,4.12,4
FICO,Fair Isaac,NYSE,2026-09-30,592.47,-4.11,2006900,681205,2.95,2
MDT,Medtronic,NYSE,2026-09-30,86.29,-0.92,26614100,11101735,2.4,4
SNPS,Synopsys,NASDAQ,2026-09-30,434.94,4.78,4489200,1885000,2.38,1
EXC,Exelon,NASDAQ,2026-09-30,40.4,-0.62,18281600,8060945,2.27,2
WBD,Warner Bros. Discovery,NASDAQ,2026-09-30,30.95,0.32,95725000,43345980,2.21,1
PPL,PPL Corporation,NYSE,2026-09-30,32.89,0.95,14847700,6738350,2.2,1
CBOE,Cboe Global Markets,NYSE,2026-09-30,275.29,5.17,2288000,1057080,2.16,2
ED,Consolidated Edison,NYSE,2026-09-30,102.21,-1.08,4246900,1967060,2.16,1
ACN,Accenture,NYSE,2026-09-30,183.37,3.53,10531000,4974885,2.12,2
ITW,Illinois Tool Works,NYSE,2026-09-30,257.28,-3.67,2766300,1310930,2.11,2
EMR,Emerson Electric,NYSE,2026-09-30,155.1,-1.36,4646200,2277845,2.04,1
RVTY,Revvity,NYSE,2026-09-30,152.89,0.08,4456000,2192575,2.03,1
PNW,Pinnacle West Capital,NYSE,2026-09-30,93.04,-0.39,2157300,1075995,2.0,2
CI,Cigna,NYSE,2026-09-30,271.83,-1.25,3080100,1539555,2.0,2
AIG,American International Group,NYSE,2026-09-30,74.42,-1.13,9411200,4800790,1.96,2
MA,Mastercard,NYSE,2026-09-30,551.47,-2.15,5034600,2626350,1.92,1
LNT,Alliant Energy,NYSE,2026-09-30,63.3,-1.62,4636900,2484750,1.87,4
PLD,Prologis,NYSE,2026-09-30,129.84,-2.09,6121200,3352400,1.83,2
GEN,Gen Digital,NYSE,2026-09-30,22.02,5.61,19490300,10776305,1.81,7
NOC,Northrop Grumman,NYSE,2026-09-30,483.48,-4.19,1475500,814065,1.81,1
CTSH,Cognizant,NYSE,2026-09-30,57.44,1.06,10941200,6078475,1.8,2
MKC,McCormick & Company,NYSE,2026-09-30,46.4,-4.13,5687400,3192060,1.78,1
ALL,Allstate,NYSE,2026-09-30,221.86,-1.58,3878900,2200585,1.76,2
CPAY,Corpay,NYSE,2026-09-30,388.6,-1.04,801300,457785,1.75,2
VST,Vistra Corp.,NYSE,2026-09-30,138.35,-1.76,8066100,4601620,1.75,1
FDS,FactSet,NYSE,2026-09-30,269.95,3.84,1490900,858380,1.74,2
EVRG,Evergy,NYSE,2026-09-30,78.44,-0.37,3914300,2288480,1.71,3
FITB,Fifth Third Bancorp,NYSE,2026-09-30,50.58,-0.77,9615400,5750690,1.67,1
HII,Huntington Ingalls Industries,NYSE,2026-09-30,267.07,2.86,769600,461580,1.67,1
HIG,Hartford (The),NYSE,2026-09-30,122.36,-2.77,2764300,1653765,1.67,1
WY,Weyerhaeuser,NYSE,2026-09-30,19.05,-2.56,11008600,6621890,1.66,1
AOS,A. O. Smith,NYSE,2026-09-30,56.37,-2.84,2275700,1397805,1.63,1
SPGI,S&P Global,NYSE,2026-09-30,394.47,0.51,3081100,1896630,1.62,2
TT,Trane Technologies,NYSE,2026-09-30,451.98,-0.79,1762000,1086890,1.62,1
CRH,CRH plc,NYSE,2026-09-30,82.8,-2.05,8654300,5404435,1.6,3
ES,Eversource Energy,NYSE,2026-09-30,64.16,0.41,3904600,2452070,1.59,4
BRK-B,Berkshire Hathaway,NYSE,2026-09-30,497.95,-0.88,7043200,4479905,1.57,1
NTRS,Northern Trust,NYSE,2026-09-30,169.36,-2.07,1539500,989860,1.56,1
BIIB,Biogen,NYSE,2026-09-30,225.88,-0.52,1553300,993915,1.56,1
APO,Apollo Global Management,NYSE,2026-09-30,116.06,-2.47,4188900,2706935,1.55,1
CEG,Constellation Energy,NASDAQ,2026-09-30,254.02,-3.99,4445800,2868275,1.55,1
BA,Boeing,NYSE,2026-09-30,186.05,-0.87,11562300,7454375,1.55,3
ROL,"Rollins, Inc.",NYSE,2026-09-30,30.12,-1.25,11351100,7358555,1.54,6
HOOD,Robinhood Markets,NYSE,2026-09-30,112.5,-3.2,35140200,22852580,1.54,1
FAST,Fastenal,NASDAQ,2026-09-30,49.53,-0.86,10465600,6808860,1.54,1
LLY,Lilly (Eli),NYSE,2026-09-30,1157.08,-2.33,3407700,2249805,1.51,1
FCX,Freeport-McMoRan,NYSE,2026-09-30,70.0,-1.12,16657400,11126560,1.5,1
AES,AES Corporation,NYSE,2026-09-30,14.9,0.27,11753500,7906090,1.49,2
WYNN,Wynn Resorts,NYSE,2026-09-30,79.43,1.53,3318700,2221600,1.49,1
EW,Edwards Lifesciences,NYSE,2026-09-30,86.32,-2.0,4893900,3326840,1.47,1
URI,United Rentals,NYSE,2026-09-30,1000.78,-1.36,679000,464145,1.46,2
VLTO,Veralto,NYSE,2026-09-30,94.32,-2.41,2517500,1724810,1.46,1
MCO,Moody's Corporation,NYSE,2026-09-30,454.13,-0.15,1039800,719430,1.45,1
GOOGL,Alphabet Inc. (Class A),NASDAQ,2026-09-30,344.08,0.93,37373700,25983550,1.44,1
APP,AppLovin,NASDAQ,2026-09-30,290.43,-4.98,6734300,4708630,1.43,1
GOOG,Alphabet Inc. (Class C),NASDAQ,2026-09-30,340.74,1.01,24240100,16906105,1.43,1
FER,Ferrovial,NASDAQ,2026-09-30,54.1,-0.86,2158300,1511860,1.43,3
BMY,Bristol Myers Squibb,NYSE,2026-09-30,62.4,-0.73,15867300,11210265,1.42,3
IR,Ingersoll Rand,NYSE,2026-09-30,75.11,-1.79,6666200,4695860,1.42,1
CCL,Carnival Corporation,NYSE,2026-09-30,24.54,-2.27,36023700,25630250,1.41,3
PSKY,Paramount Skydance Corporation,NYSE,2026-09-30,10.33,3.4,31994500,22932780,1.4,1
FOX,Fox Corporation (Class B),NYSE,2026-09-30,56.3,0.84,1707400,1216515,1.4,1
FRT,Federal Realty Investment Trust,NYSE,2026-09-30,108.29,-1.01,1304000,931150,1.4,1
HSY,Hershey Company (The),NYSE,2026-09-30,157.61,-2.35,2041300,1454125,1.4,1
COR,Cencora,NYSE,2026-09-30,300.25,-2.39,1811100,1293285,1.4,1
MGM,MGM Resorts,NYSE,2026-09-30,31.05,-1.49,6182100,4416100,1.4,7
MS,Morgan Stanley,NYSE,2026-09-30,188.08,-2.43,6907300,4984830,1.39,1
RCL,Royal Caribbean Group,NYSE,2026-09-30,265.86,1.99,4286700,3083780,1.39,2
DIS,Walt Disney Company (The),NYSE,2026-09-30,104.9,-0.48,11601200,8328545,1.39,1
BX,Blackstone Inc.,NYSE,2026-09-30,112.09,-1.68,5718500,4152995,1.38,6
SO,Southern Company,NYSE,2026-09-30,82.89,-0.67,8553800,6206125,1.38,2
TGT,Target Corporation,NYSE,2026-09-30,156.69,0.17,4457600,3249295,1.37,1
MRNA,Moderna,NYSE,2026-09-30,192.57,-5.35,20649500,15023805,1.37,1
MDLZ,Mondelez International,NASDAQ,2026-09-30,57.82,-2.53,10966300,7994215,1.37,1
UNP,Union Pacific Corporation,NYSE,2026-09-30,272.13,-0.74,3246000,2410535,1.35,1
CINF,Cincinnati Financial,NYSE,2026-09-30,159.37,-1.09,909500,675020,1.35,2
VTRS,Viatris,NYSE,2026-09-30,17.72,-2.21,11806700,8728445,1.35,5
AXP,American Express,NYSE,2026-09-30,304.1,-0.43,4209200,3150775,1.34,1
LIN,Linde plc,NASDAQ,2026-09-30,474.65,0.27,2640100,1989725,1.33,1
J,Jacobs Solutions,NYSE,2026-09-30,135.27,-0.89,1039900,784690,1.33,1
GM,General Motors,NYSE,2026-09-30,77.0,-4.31,9765600,7331155,1.33,1
NRG,NRG Energy,NYSE,2026-09-30,95.65,-1.56,3675400,2755760,1.33,1
CMS,CMS Energy,NYSE,2026-09-30,63.08,-0.58,4765700,3570420,1.33,7
DOW,Dow Inc.,NYSE,2026-09-30,27.54,-0.25,11745700,8877940,1.32,1
CHD,Church & Dwight,NYSE,2026-09-30,94.22,-0.77,2383800,1810500,1.32,2
MMM,3M,NYSE,2026-09-30,164.15,-2.58,3936100,2972470,1.32,1
HAL,Halliburton,NYSE,2026-09-30,31.8,0.82,13872800,10476105,1.32,1
BAX,Baxter International,NYSE,2026-09-30,24.0,2.21,8727000,6660755,1.31,1
MTB,M&T Bank,NYSE,2026-09-30,217.6,0.05,1383900,1052405,1.31,1
PNC,PNC Financial Services,NYSE,2026-09-30,222.26,0.28,2242200,1705270,1.31,1
ACGL,Arch Capital Group,NYSE,2026-09-30,92.36,-2.9,5663600,4369845,1.3,1
TROW,T. Rowe Price,NYSE,2026-09-30,104.05,-0.44,1894200,1458300,1.3,1
KKR,KKR & Co.,NYSE,2026-09-30,91.3,-2.02,5009400,3875415,1.29,1
AEE,Ameren,NYSE,2026-09-30,99.38,-0.87,2292500,1780260,1.29,5
DE,Deere & Company,NYSE,2026-09-30,671.55,-1.32,1736800,1348545,1.29,1
CBRE,CBRE Group,NYSE,2026-09-30,128.47,-1.81,2608600,2027865,1.29,1
APH,Amphenol,NYSE,2026-09-30,84.3,-0.05,15838900,12314825,1.29,1
WMB,Williams Companies,NYSE,2026-09-30,67.97,-0.96,9586200,7416660,1.29,1
MSFT,Microsoft,NASDAQ,2026-09-30,512.9,0.77,27223300,21041515,1.29,1
NCLH,Norwegian Cruise Line Holdings,NYSE,2026-09-30,14.66,-0.95,24060000,18856330,1.28,3
ECL,Ecolab,NYSE,2026-09-30,274.58,-1.18,1509300,1182725,1.28,1
DHR,Danaher Corporation,NYSE,2026-09-30,221.55,-2.02,5248400,4099365,1.28,1
USB,U.S. Bancorp,NYSE,2026-09-30,57.76,-0.65,9886700,7721135,1.28,1
XYZ,"Block, Inc.",NYSE,2026-09-30,73.53,-0.7,5125400,3998455,1.28,3
WMT,Walmart,NASDAQ,2026-09-30,103.92,-2.7,28152400,22250575,1.27,2
GIS,General Mills,NYSE,2026-09-30,32.16,-4.91,12767900,10071100,1.27,1
OTIS,Otis Worldwide,NYSE,2026-09-30,64.32,-2.0,5871600,4635970,1.27,1
WFC,Wells Fargo,NYSE,2026-09-30,80.05,-0.53,17820200,14110480,1.26,1
HUM,Humana,NYSE,2026-09-30,381.57,-1.37,1312700,1050625,1.25,4
WTW,Willis Towers Watson,NYSE,2026-09-30,288.23,-0.12,660300,530070,1.25,3
ZBH,Zimmer Biomet,NYSE,2026-09-30,88.83,-2.75,2580500,2066080,1.25,1
MU,Micron Technology,NASDAQ,2026-09-30,1065.11,0.0,31103200,24830270,1.25,1
AMZN,Amazon,NASDAQ,2026-09-30,249.15,1.01,41913100,33882485,1.24,1
TPR,"Tapestry, Inc.",NYSE,2026-09-30,115.04,0.81,3891000,3131850,1.24,1
PHM,PulteGroup,NYSE,2026-09-30,116.06,-2.06,2012100,1626775,1.24,1
ESS,Essex Property Trust,NYSE,2026-09-30,269.39,-1.66,710900,572120,1.24,1
HST,Host Hotels & Resorts,NYSE,2026-09-30,22.39,-0.22,10196400,8209420,1.24,1
ETR,Entergy,NYSE,2026-09-30,99.26,-0.5,3811700,3106600,1.23,2
DECK,Deckers Brands,NYSE,2026-09-30,78.14,0.59,4194600,3402160,1.23,1
NTAP,NetApp,NYSE,2026-09-30,210.08,0.43,3193300,2606085,1.23,1
SCHW,Charles Schwab Corporation,NYSE,2026-09-30,97.74,-1.37,10334200,8399745,1.23,1
IEX,IDEX Corporation,NYSE,2026-09-30,227.98,-1.06,723200,588545,1.23,3
AZO,AutoZone,NYSE,2026-09-30,2830.02,-1.6,493800,406290,1.22,1
STLD,Steel Dynamics,NYSE,2026-09-30,221.61,-0.13,1221200,1003575,1.22,1
FDXF,FedEx Freight,NYSE,2026-09-30,109.38,-2.39,2129600,1738485,1.22,1
EQIX,Equinix,NYSE,2026-09-30,1011.58,-0.36,629700,514605,1.22,1
DTE,DTE Energy,NYSE,2026-09-30,121.8,-0.48,2248400,1848210,1.22,4
HD,Home Depot (The),NYSE,2026-09-30,284.49,-1.23,5766600,4721935,1.22,5
KDP,Keurig Dr Pepper,NASDAQ,2026-09-30,30.34,-2.22,12397700,10122215,1.22,1
SRE,Sempra,NYSE,2026-09-30,77.96,-0.28,4628200,3779405,1.22,1
NI,NiSource,NYSE,2026-09-30,39.0,-0.81,6946800,5686370,1.22,1
WEC,WEC Energy Group,NYSE,2026-09-30,100.78,-1.75,3366100,2768425,1.22,3
V,Visa Inc.,NYSE,2026-09-30,359.33,-1.79,7414100,6061640,1.22,1
AME,Ametek,NYSE,2026-09-30,247.73,-1.22,1727300,1426950,1.21,1
DOV,Dover Corporation,NYSE,2026-09-30,187.05,-1.4,1673000,1388300,1.21,1
VMC,Vulcan Materials Company,NYSE,2026-09-30,244.63,0.77,1511000,1248100,1.21,2
MSCI,MSCI,NYSE,2026-09-30,538.66,-0.2,667100,549470,1.21,1
NUE,Nucor,NYSE,2026-09-30,233.75,-1.05,1494900,1240375,1.21,1
RTX,RTX Corporation,NYSE,2026-09-30,185.65,-0.69,4741400,3927675,1.21,1
PEG,Public Service Enterprise Group,NYSE,2026-09-30,67.34,-0.5,4106300,3395200,1.21,1
HPE,Hewlett Packard Enterprise,NYSE,2026-09-30,63.89,3.9,32754400,27326620,1.2,0
REGN,Regeneron Pharmaceuticals,NASDAQ,2026-09-30,758.27,1.03,872400,725130,1.2,1
SPG,Simon Property Group,NYSE,2026-09-30,200.76,-1.72,1486800,1236625,1.2,1
SW,Smurfit Westrock,NYSE,2026-09-30,44.1,-0.63,5253700,4390100,1.2,0
VRSK,Verisk Analytics,NYSE,2026-09-30,167.85,1.15,1508100,1256330,1.2,2
